{"airport_points": [[42.75697635258273, -104.41255232832167], [42.75120972573318, -104.39602992078993], [42.75061097416521, -104.39645907423231], [42.75666125022114, -104.413153143141]], "runway_end1": [42.756818801401934, -104.41285273573133], "runway_end2": [42.750910349949194, -104.39624449751112], "runway_center": [42.753864575675564, -104.40454861662123], "runway_heading": -19.58323223697403, "runway_length_ft": 4943.57165453498, "runway_width1": 197.7733965688635, "runway_width2": 246.8390600909135}